<?xml version="1.0" encoding="UTF-8" standalone="yes"?>
<addon id="script.module.streamlink.plugins" name="Streamlink Plugins" version="1.0.3" provider-name="Twilight0">
  <requires>
    <import addon="xbmc.python" version="2.1.0"/>
    <import addon="script.module.requests" version="2.12.4"/>
  </requires>
  <extension point="xbmc.service"/>
  <extension point="xbmc.addon.metadata">
    <summary>Streamlink Plugins</summary>
    <description>Copy your custom streamlink plugins in this Kodi plugin.</description>
    <platform>all</platform>
    <license>GNU GPL, version 2</license>
    <source>https://github.com/Twilight0/script.module.streamlink.plugins</source>
    <!--<website></website>-->
    <!--<language></language>-->
  </extension>
</addon>
