<?xml version="1.0" encoding="UTF-8" standalone="yes"?>
<addon id="script.module.streamlink.plugins" name="Streamlink Plugins" version="1.0.2" provider-name="Twilight0">
  <requires>
    <import addon="xbmc.python" version="2.1.0"/>
  </requires>
  <extension point="xbmc.service"/>
  <extension point="xbmc.addon.metadata">
    <summary>Streamlink Plugins</summary>
    <description>Copy your custom streamlink plugins in this Kodi plugin.</description>
    <platform>all</platform>
    <!--<license></license>-->
    <!--<source></source>-->
    <!--<website></website>-->
    <!--<language></language>-->
  </extension>
</addon>
