<?xml version="1.0" encoding="UTF-8" standalone="yes"?>
<addon id="script.module.streamlink.base" name="Streamlink Library" version="2019.05.03" provider-name="Streamlink Devs, Twilight0">
  <requires>
      <import addon="xbmc.python" version="2.24.0"/>
      <import addon="script.module.requests" version="2.12.4"/>
      <import addon="script.module.futures" version="2.2.0"/>
      <import addon="script.module.streamlink.crypto" version="1.5.2"/>
  </requires>
  <extension point="xbmc.python.module" library="resources/lib/"/>
  <extension point="xbmc.addon.metadata">
      <summary>Streamlink Library</summary>
      <description>Streamlink Library for Kodi. Known issue: Does not work on Xbox, when trying to import something from ctypes module.</description>
      <platform>all</platform>
      <license>Simplified BSD</license>
      <source>https://github.com/Twilight0/script.module.streamlink.base/</source>
      <language>en</language>
      <assets>
          <icon>icon.png</icon>
      </assets>
      <news>+2019.05.03
- Bumped to upstream commit c8ed1daff14ac03195870238b9b900c1109dd5c1
- Include PR #2441 from upstream
- Add exception for ctypes on namedpipe for XBOX (MemoryError). So its a known issue that streamlink does not work on this platform

+ 2019.03.17
- Fixed icon
- Updated changelog.txt
- Moved and updated six module into utils directory</news>
  </extension>
</addon>
