<?xml version="1.0" encoding="UTF-8" standalone="yes"?>
<addon id="script.module.resolveurl.pluginsgr" version="0.0.18" name="PluginsGR" provider-name="Twilight0">
	<requires>
		<import addon="xbmc.addon" version="16.1.000"/>
        <import addon="script.module.resolveurl" version="5.1.28" />
	</requires>
	<extension point="xbmc.python.module" library="resources/plugins" />
	<extension point="xbmc.addon.metadata">
		<summary lang="en">Main resolvers, useful for converting html/js into playable content from various hosts (Greek ones).</summary>
		<description lang="en">Main resolvers, useful for converting html/js into playable content from various hosts (Greek ones).</description>
		<platform>all</platform>
		<news>Version 0.0.18 (May 9th, 2022)
- Fix imports due to major change in resolveurl's code base

Version 0.0.17 (December 13, 2021)
- Update ert
- Update mega

Version 0.0.16 (December 5, 2021)
- Update ert

Version 0.0.15 (October 1, 2021)
- Update ert

Version 0.0.14 (June 9, 2021)
- Remove highstream
- Mitigate ert plugin by adding referer to the headers</news>
		<assets>
            <icon>icon.png</icon>
        </assets>
	</extension>
</addon>
