<?xml version="1.0" encoding="UTF-8" standalone="yes"?>
<addon id="script.module.tulip" name="Tulip Routine Libraries" version="2.0.7" provider-name="Twilight0">
	<requires>
		<import addon="xbmc.python" version="2.24.0"/>
	</requires>
	<extension point="xbmc.python.module" library="lib" />
	<extension point="xbmc.addon.metadata">
		<summary lang="en">Tulip Helper module</summary>
		<description lang="en">Tulip Routine Libraries are based on Lambda's "lamlib". It has some additions, most being in control module.</description>
		<platform>all</platform>
		<license>GNU GENERAL PUBLIC LICENSE. Version 3, 29 June 2007</license>
		<source>https://github.com/Twilight0/script.module.tulip</source>
		<news>[B]2.0.X[/B]
- Significantly improved Python 3 compatibility:
  > Only absolute imports are used
  > Added compat module to allow several modules imports compatibility
  > Several other related tweaks
- Improved youtube module to allow more results from video lists and playlists
  > Tweaks and cosmetics added as well
- Improved directory module by having utf-8 encoding optional via exception
- Added parameters for more manifest types and adaptive types
- Added support for resolveurl into youtube module
- Added login support for client.request module
- Added orderdict conditional into compat module
- Added multiprocess support along with multithreading into workers module
  > Will not work on Android so fallback to threading has been added
- Various other efficiency tweaks</news>
	</extension>
</addon>
