<?xml version="1.0" encoding="UTF-8"?>
    <addon id="repository.twilight0.libs" name="Twilight0 Libs Repository" version="1.3" provider-name="Twilight0">
        <extension point="xbmc.addon.repository" name="Twilight0 Libs Repository">
            <info compressed="false">https://raw.githubusercontent.com/Twilight0/repository.twilight0.libs/master/_zips/addons.xml</info>
            <checksum>https://raw.githubusercontent.com/Twilight0/repository.twilight0.libs/master/_zips/addons.xml.md5</checksum>
            <datadir zip="true">https://raw.githubusercontent.com/Twilight0/repository.twilight0.libs/master/_zips/</datadir>
            <hashes>false</hashes>
        </extension>
        <extension point="xbmc.addon.metadata">
            <summary>Repository for library addons</summary>
            <description>Repository for library addons</description>
            <platform>all</platform>
            <assets>
                <icon>icon.png</icon>
                <fanart>fanart.jpg</fanart>
            </assets>
        </extension>
</addon>