<?xml version="1.0" encoding="UTF-8" standalone="yes"?>
<addon id="script.module.tulip" name="Tulip Routine Libraries" version="1.4.0" provider-name="Twilight0">
	<requires>
		<import addon="xbmc.python" version="2.24.0"/>
	</requires>
	<extension point="xbmc.python.module" library="lib" />
	<extension point="xbmc.addon.metadata">
		<summary lang="en">Tulip Helper module</summary>
		<description lang="en">Tulip Routine Libraries are based on Lambda's "lamlib". It has some additions, most being in control module.</description>
		<platform>all</platform>
		<license>GNU GENERAL PUBLIC LICENSE. Version 3, 29 June 2007</license>
		<source>https://github.com/Twilight0/script.module.tulip</source>
		<news>[B]1.4.0[/B]
- Added some functions in control module
- Added m3u8 parser sublib
- Added iso8601 module
- Adapted library to dual python 2/3 compatibility (untested, though)
- Removed optional requests import
- Replaced downloader module with a function adapted from tknorris's shared modules
- Removed unicode logging ability from log module
- Removed parsedom(2) module, legacy client.parsedom is now used only</news>
	</extension>
</addon>
