<?xml version="1.0" encoding="UTF-8" standalone="yes"?>
<addon id="script.module.scrapetube" name="Scrapetube" version="2.2.2" provider-name="dermasmid, Twilight0">
    <requires>
        <import addon="xbmc.addon" version="16.1.000"/>
        <import addon="script.module.requests" version="2.19.1"/>
    </requires>
    <extension point="xbmc.python.module" library="resources/lib" />
    <extension point="xbmc.addon.metadata">
        <summary lang="en">Scrapetube</summary>
        <description lang="en">This module will help you scrape youtube without the official youtube api and without selenium.</description>
        <platform>all</platform>
        <reuselanguageinvoker>false</reuselanguageinvoker>
        <license>MIT License</license>
        <source>https://github.com/Twilight0/script.module.scrapetube</source>
        <news>[B]2.2.2[/B]
Copied from upstream (version 2.2.2): https://github.com/dermasmid/scrapetube
Changes made:
1) Backported to work on Python 2.7
2) Added list formation module to help get videos in a more simple way for Kodi development
3) Updated user agent string to Firefox/Windows (version 101)
</news>
        <!-- <assets>
            <icon>icon.png</icon>
            <fanart>fanart.jpg</fanart>
        </assets> -->
    </extension>
</addon>
