<?xml version="1.0" encoding="UTF-8" standalone="yes"?>
<addon id="script.module.streamlink.base" name="Streamlink Library" version="2017.08.30" provider-name="Twilight0">
  <requires>
    <import addon="xbmc.python" version="2.24.0"/>
    <import addon="script.module.requests" version="2.12.4"/>
    <import addon="script.module.shutil_which" version="3.5.1"/>
    <import addon="script.module.futures" version="2.2.0"/>
    <import addon="script.module.singledispatch" version="3.4.0.3"/>
    <import addon="script.module.streamlink.crypto" version="1.1.0"/>
    <import addon="service.streamlink.plugins" version="1.0.0" optional="true"/>
  </requires>
  <extension point="xbmc.python.module" library="resources/lib/"/>
  <extension point="xbmc.addon.metadata">
    <summary>Streamlink Library</summary>
    <description>Streamlink Library for Kodi</description>
    <platform>all</platform>
    <license>Simplified BSD</license>
    <source>https://github.com/streamlink/streamlink</source>
    <language>en</language>
    <assets>
      <icon>resources/icon.png</icon>
    </assets>
    <news>
+ 2017.08.30
- Removed dependency for pycountry &amp; ordereddict

+ 2017.07.19
- Fixed temp folder on Android

+ 2017.07.17.2
- update import

+ 2017.07.17.1
- Merged Plugins into the same Kodi Plugin

+ 2017.07.17
- streamlink 5f658c8199690253dde8868b7ae0714f0cc5d88a
- Renamed crypto.py -> cryptofix.py
- use pycountry and streamlink.crypto

+ 2017.07.13
- streamlink 5cc7793ff07e6eb9841287ed30fc7414379c7649
    </news>
  </extension>
</addon>
