<?xml version="1.0" encoding="UTF-8" standalone="yes"?>
<addon id="script.module.shutil_which" name="shutil_which" version="3.5.1" provider-name="neverreply">
  <requires>
    <import addon="xbmc.python" version="2.24.0"/>
  </requires>
  <extension point="xbmc.python.module" library="lib"/>
  <extension point="xbmc.addon.metadata">
    <platform>all</platform>
    <language></language>
    <summary>shutil_which</summary>
    <license>MIT</license>
    <source>https://pypi.python.org/pypi/backports.shutil_which</source>
    <assets>
      <icon>resources/icon.png</icon>
    </assets>
  </extension>
</addon>
