<?xml version="1.0" encoding="UTF-8" standalone="yes"?>
<addon id="script.module.ordereddict" name="ordereddict" version="1.1" provider-name="neverreply">
  <requires>
    <import addon="xbmc.python" version="2.24.0"/>
  </requires>
  <extension point="xbmc.python.module" library="resources/lib/"/>
  <extension point="xbmc.addon.metadata">
    <summary>ordereddict 1.1</summary>
    <description>ordereddict 1.1</description>
    <platform>all</platform>
    <license>MIT</license>
    <source>https://pypi.python.org/pypi/ordereddict</source>
    <website>https://github.com/neverreply/repo</website>
  </extension>
</addon>
